{
  "NIFTYBEES": 293.5314136259004,
  "CPSEETF": 93.56013878029049,
  "ITBEES": 39.88562849740687,
  "ICICIB22": 117.4768079487191,
  "JUNIORBEES": 753.0961102477021,
  "HDFCSML250": 172.70492836883776,
  "MID150BEES": 231.19242158567798,
  "PSUBNKBEES": 94.1144164335188,
  "NIFTYIETF": 292.0631749920335,
  "NEXT50IETF": 73.56975265225223,
  "SETFNIF50": 277.44337267676417
}